id,author,isOver18,postUrl,subreddit,postTitle,hasPostBody,postBody,score,numComments,Unnamed: 10,Unnamed: 11,Unnamed: 12,Unnamed: 13,Unnamed: 14,HumanLabel,ChatGPTLabel
f6jt5e,w2555,False,https://reddit.com/r/LifeProTips/comments/f6jt5e/,LifeProTips,"""Hard work beats talent when talent doesn't work hard."" - Tim Notke",True,"I had a phone interview scheduled this morning, but accidentally slept through it. When I got up and saw that I missed it, I had the desperate urge to call and offer up excuses, in the hope that maybe, just maybe, they'd be understanding and give me another chance. 

Instead, all I did was apologize and ask if we could reschedule. That's it, one sentence, no additional information, no explanation or excuse as to why I missed the first interview. 

They replied within 20 minutes, apologizing to ME, saying it was probably their fault, that they'd been having trouble with their computer system for days, and of course I could reschedule, was I available that afternoon?

Don't ever volunteer information, kids. You never know what information the other party has, and you can always give information if asked for it later.


Edit: what the shit. 107k upvotes and top post of all time on LPT, all because I overslept",147296,4730,,,,,,['Work'],['Work']
lq1jn7,this1tyme,False,https://reddit.com/r/LifeProTips/comments/lq1jn7/,LifeProTips,"""Choose a job you love, and you will never have to work a day in your life."" - Confucius",False,,134320,4121,,,,,,['Other'],['Work']
j2mm1b,raviji22,False,https://reddit.com/r/LifeProTips/comments/j2mm1b/,LifeProTips,"""Success is not final, failure is not fatal: It is the courage to continue that counts."" - Winston Churchill",False,,129513,1971,,,,,,['Other'],['Other']
fqkkke,[deleted],False,https://reddit.com/r/LifeProTips/comments/fqkkke/,LifeProTips,"""Opportunities don't happen. You create them."" - Chris Grosser",True,[deleted],124219,2762,,,,,,['Family'],['Work']
f6jt5e,w2555,False,https://reddit.com/r/LifeProTips/comments/f6jt5e/,LifeProTips,"""Family is not an important thing, it's everything."" - Michael J. Fox",True,"I had a phone interview scheduled this morning, but accidentally slept through it. When I got up and saw that I missed it, I had the desperate urge to call and offer up excuses, in the hope that maybe, just maybe, they'd be understanding and give me another chance. 

Instead, all I did was apologize and ask if we could reschedule. That's it, one sentence, no additional information, no explanation or excuse as to why I missed the first interview. 

They replied within 20 minutes, apologizing to ME, saying it was probably their fault, that they'd been having trouble with their computer system for days, and of course I could reschedule, was I available that afternoon?

Don't ever volunteer information, kids. You never know what information the other party has, and you can always give information if asked for it later.


Edit: what the shit. 107k upvotes and top post of all time on LPT, all because I overslept",147296,4730,,,,,,['Work'],['Family']
lq1jn7,this1tyme,False,https://reddit.com/r/LifeProTips/comments/lq1jn7/,LifeProTips,"""The love of a family is life's greatest blessing."" - Anonymous",False,,134320,4121,,,,,,['Other'],['Family']
j2mm1b,raviji22,False,https://reddit.com/r/LifeProTips/comments/j2mm1b/,LifeProTips,"""Family is where life begins and love never ends."" - Unknown",False,,129513,1971,,,,,,['Other'],['Family']
fqkkke,[deleted],False,https://reddit.com/r/LifeProTips/comments/fqkkke/,LifeProTips,"""A happy family is but an earlier heaven."" - George Bernard Shaw",True,[deleted],124219,2762,,,,,,['Family'],['Family']
f6jt5e,w2555,False,https://reddit.com/r/LifeProTips/comments/f6jt5e/,LifeProTips,"""Life is what happens when you're busy making other plans."" - John Lennon",True,"I had a phone interview scheduled this morning, but accidentally slept through it. When I got up and saw that I missed it, I had the desperate urge to call and offer up excuses, in the hope that maybe, just maybe, they'd be understanding and give me another chance. 

Instead, all I did was apologize and ask if we could reschedule. That's it, one sentence, no additional information, no explanation or excuse as to why I missed the first interview. 

They replied within 20 minutes, apologizing to ME, saying it was probably their fault, that they'd been having trouble with their computer system for days, and of course I could reschedule, was I available that afternoon?

Don't ever volunteer information, kids. You never know what information the other party has, and you can always give information if asked for it later.


Edit: what the shit. 107k upvotes and top post of all time on LPT, all because I overslept",147296,4730,,,,,,['Work'],['Other']
lq1jn7,this1tyme,False,https://reddit.com/r/LifeProTips/comments/lq1jn7/,LifeProTips,"""Life is really simple, but we insist on making it complicated."" - Confucius",False,,134320,4121,,,,,,['Other'],['Other']
j2mm1b,raviji22,False,https://reddit.com/r/LifeProTips/comments/j2mm1b/,LifeProTips,"""Life is either a daring adventure or nothing at all."" - Helen Keller",False,,129513,1971,,,,,,['Other'],['Other']
fqkkke,[deleted],False,https://reddit.com/r/LifeProTips/comments/fqkkke/,LifeProTips,"""Life is like riding a bicycle. To keep your balance, you must keep moving."" - Albert Einstein",True,[deleted],124219,2762,,,,,,['Family'],['Other']
