id,author,isOver18,postUrl,subreddit,postTitle,hasPostBody,postBody,score,numComments,Unnamed: 10,Unnamed: 11,Unnamed: 12,Unnamed: 13,Unnamed: 14,HumanLabel
f6jt5e,w2555,False,https://reddit.com/r/LifeProTips/comments/f6jt5e/,LifeProTips,"""Hard work beats talent when talent doesn't work hard."" - Tim Notke",True,"I had a phone interview scheduled this morning, but accidentally slept through it. When I got up and saw that I missed it, I had the desperate urge to call and offer up excuses, in the hope that maybe, just maybe, they'd be understanding and give me another chance. 

Instead, all I did was apologize and ask if we could reschedule. That's it, one sentence, no additional information, no explanation or excuse as to why I missed the first interview. 

They replied within 20 minutes, apologizing to ME, saying it was probably their fault, that they'd been having trouble with their computer system for days, and of course I could reschedule, was I available that afternoon?

Don't ever volunteer information, kids. You never know what information the other party has, and you can always give information if asked for it later.


Edit: what the shit. 107k upvotes and top post of all time on LPT, all because I overslept",147296,4730,,,,,,['Work']
lq1jn7,this1tyme,False,https://reddit.com/r/LifeProTips/comments/lq1jn7/,LifeProTips,"""Choose a job you love, and you will never have to work a day in your life."" - Confucius",False,,134320,4121,,,,,,['Other']
j2mm1b,raviji22,False,https://reddit.com/r/LifeProTips/comments/j2mm1b/,LifeProTips,"""Success is not final, failure is not fatal: It is the courage to continue that counts."" - Winston Churchill",False,,129513,1971,,,,,,['Other']
fqkkke,[deleted],False,https://reddit.com/r/LifeProTips/comments/fqkkke/,LifeProTips,"""Opportunities don't happen. You create them."" - Chris Grosser",True,[deleted],124219,2762,,,,,,['Family']
gmmiah,AlphaSyncz,False,https://reddit.com/r/YouShouldKnow/comments/gmmiah/,YouShouldKnow,"""Don't watch the clock; do what it does. Keep going."" - Sam Levenson",True,It's just basic stuff but I know friends of mine that have watched his videos in the last couple of weeks and it has made a real positive difference to their life. He does videos from how to tie a tie to even how to check your car's oil. Very helpful stuff that everyone who doesn't have a dad or just wants some DIY tips should know.,120038,1532,,,,,,['Family']
a95fr8,Humble_Internet_Dude,False,https://reddit.com/r/LifeProTips/comments/a95fr8/,LifeProTips,"""The best way to predict your future is to create it."" - Abraham Lincoln",True,"Woooo my first ever gold! Thanks stranger ❤ Merry Christmas everybody

EDIT 2: Sad to see how low people can go by sending me threats etc lol. To those of you who got the message in a good tone, Have a good one!",119977,964,,,,,,['Family']
kzkotx,mashingLumpkins,False,https://reddit.com/r/LifeProTips/comments/kzkotx/,LifeProTips,"""Success is not the key to happiness. Happiness is the key to success. If you love what you are doing, you will be successful."" - Albert Schweitzer",False,,118582,1792,,,,,,['Family']
fpfwra,Moonripple616,False,https://reddit.com/r/LifeProTips/comments/fpfwra/,LifeProTips,"""The only place where success comes before work is in the dictionary."" - Vidal Sassoon",False,,117600,2933,,,,,,['Family']
o26lzm,WrongKielbasa,False,https://reddit.com/r/LifeProTips/comments/o26lzm/,LifeProTips,"""Your work is going to fill a large part of your life, and the only way to be truly satisfied is to do what you believe is great work."" - Steve Jobs",False,,115511,2633,,,,,,['Work']
f6jt5e,w2555,False,https://reddit.com/r/LifeProTips/comments/f6jt5e/,LifeProTips,"""Family is not an important thing, it's everything."" - Michael J. Fox",True,"I had a phone interview scheduled this morning, but accidentally slept through it. When I got up and saw that I missed it, I had the desperate urge to call and offer up excuses, in the hope that maybe, just maybe, they'd be understanding and give me another chance. 

Instead, all I did was apologize and ask if we could reschedule. That's it, one sentence, no additional information, no explanation or excuse as to why I missed the first interview. 

They replied within 20 minutes, apologizing to ME, saying it was probably their fault, that they'd been having trouble with their computer system for days, and of course I could reschedule, was I available that afternoon?

Don't ever volunteer information, kids. You never know what information the other party has, and you can always give information if asked for it later.


Edit: what the shit. 107k upvotes and top post of all time on LPT, all because I overslept",147296,4730,,,,,,['Work']
lq1jn7,this1tyme,False,https://reddit.com/r/LifeProTips/comments/lq1jn7/,LifeProTips,"""The love of a family is life's greatest blessing."" - Anonymous",False,,134320,4121,,,,,,['Other']
j2mm1b,raviji22,False,https://reddit.com/r/LifeProTips/comments/j2mm1b/,LifeProTips,"""Family is where life begins and love never ends."" - Unknown",False,,129513,1971,,,,,,['Other']
fqkkke,[deleted],False,https://reddit.com/r/LifeProTips/comments/fqkkke/,LifeProTips,"""A happy family is but an earlier heaven."" - George Bernard Shaw",True,[deleted],124219,2762,,,,,,['Family']
gmmiah,AlphaSyncz,False,https://reddit.com/r/YouShouldKnow/comments/gmmiah/,YouShouldKnow,"""Family means no one gets left behind or forgotten."" - David Ogden Stiers",True,It's just basic stuff but I know friends of mine that have watched his videos in the last couple of weeks and it has made a real positive difference to their life. He does videos from how to tie a tie to even how to check your car's oil. Very helpful stuff that everyone who doesn't have a dad or just wants some DIY tips should know.,120038,1532,,,,,,['Family']
a95fr8,Humble_Internet_Dude,False,https://reddit.com/r/LifeProTips/comments/a95fr8/,LifeProTips,"""In family life, love is the oil that eases friction, the cement that binds closer together, and the music that brings harmony."" - Friedrich Nietzsche",True,"Woooo my first ever gold! Thanks stranger ❤ Merry Christmas everybody

EDIT 2: Sad to see how low people can go by sending me threats etc lol. To those of you who got the message in a good tone, Have a good one!",119977,964,,,,,,['Family']
kzkotx,mashingLumpkins,False,https://reddit.com/r/LifeProTips/comments/kzkotx/,LifeProTips,"""The most important thing in the world is family and love."" - John Wooden",False,,118582,1792,,,,,,['Family']
fpfwra,Moonripple616,False,https://reddit.com/r/LifeProTips/comments/fpfwra/,LifeProTips,"""A family is a place where minds come in contact with one another."" - Buddha",False,,117600,2933,,,,,,['Family']
o26lzm,WrongKielbasa,False,https://reddit.com/r/LifeProTips/comments/o26lzm/,LifeProTips,"""Rejoice with your family in the beautiful land of life."" - Albert Einstein",False,,115511,2633,,,,,,['Work']
f6jt5e,w2555,False,https://reddit.com/r/LifeProTips/comments/f6jt5e/,LifeProTips,"""Life is what happens when you're busy making other plans."" - John Lennon",True,"I had a phone interview scheduled this morning, but accidentally slept through it. When I got up and saw that I missed it, I had the desperate urge to call and offer up excuses, in the hope that maybe, just maybe, they'd be understanding and give me another chance. 

Instead, all I did was apologize and ask if we could reschedule. That's it, one sentence, no additional information, no explanation or excuse as to why I missed the first interview. 

They replied within 20 minutes, apologizing to ME, saying it was probably their fault, that they'd been having trouble with their computer system for days, and of course I could reschedule, was I available that afternoon?

Don't ever volunteer information, kids. You never know what information the other party has, and you can always give information if asked for it later.


Edit: what the shit. 107k upvotes and top post of all time on LPT, all because I overslept",147296,4730,,,,,,['Work']
lq1jn7,this1tyme,False,https://reddit.com/r/LifeProTips/comments/lq1jn7/,LifeProTips,"""Life is really simple, but we insist on making it complicated."" - Confucius",False,,134320,4121,,,,,,['Other']
j2mm1b,raviji22,False,https://reddit.com/r/LifeProTips/comments/j2mm1b/,LifeProTips,"""Life is either a daring adventure or nothing at all."" - Helen Keller",False,,129513,1971,,,,,,['Other']
fqkkke,[deleted],False,https://reddit.com/r/LifeProTips/comments/fqkkke/,LifeProTips,"""Life is like riding a bicycle. To keep your balance, you must keep moving."" - Albert Einstein",True,[deleted],124219,2762,,,,,,['Family']
gmmiah,AlphaSyncz,False,https://reddit.com/r/YouShouldKnow/comments/gmmiah/,YouShouldKnow,"""Life is short, and it's up to you to make it sweet."" - Sarah Louise Delany",True,It's just basic stuff but I know friends of mine that have watched his videos in the last couple of weeks and it has made a real positive difference to their life. He does videos from how to tie a tie to even how to check your car's oil. Very helpful stuff that everyone who doesn't have a dad or just wants some DIY tips should know.,120038,1532,,,,,,['Family']
a95fr8,Humble_Internet_Dude,False,https://reddit.com/r/LifeProTips/comments/a95fr8/,LifeProTips,"""Life is what we make it, always has been, always will be."" - Grandma Moses",True,"Woooo my first ever gold! Thanks stranger ❤ Merry Christmas everybody

EDIT 2: Sad to see how low people can go by sending me threats etc lol. To those of you who got the message in a good tone, Have a good one!",119977,964,,,,,,['Family']
kzkotx,mashingLumpkins,False,https://reddit.com/r/LifeProTips/comments/kzkotx/,LifeProTips,"""Life is not about finding yourself; it's about creating yourself."" - George Bernard Shaw",False,,118582,1792,,,,,,['Family']
fpfwra,Moonripple616,False,https://reddit.com/r/LifeProTips/comments/fpfwra/,LifeProTips,"""Life is a journey that must be traveled no matter how bad the roads and accommodations."" - Oliver Goldsmith",False,,117600,2933,,,,,,['Family']
o26lzm,WrongKielbasa,False,https://reddit.com/r/LifeProTips/comments/o26lzm/,LifeProTips,"""Life is 10% what happens to us and 90% how we react to it."" - Charles R. Swindoll",False,,115511,2633,,,,,,['Work']
